imageID,status,mask
1166,0,-100
1205,1,70946 70947 71431 71432 71433 71434 71435 71436 71437 71438 71439 71440 71441 71442 71443 71444 71445 71446 71447 71448 71449 71450 71451 71452 71453 71454 71455 71456 71457 71458 71459 71460 71944 71945 71946 71947 71948 71949 71950 71951 71952 71953 71954 71955 71956 71957 71958 71959 71960 71961 71962 71963 71964 71965 71966 71967 71968 71969 71970 71971 72457 72458 72459 72460 72461 72462 72463 72464 72465 72466 72467 72468 72469 72470 72471 72472 72473 72474 72475 72476 72477 72478 72479 72480 72481 72482
1213,0,-100
1232,0,-100
1243,0,-100
1255,0,-100
1273,0,-100
1283,1,68245 68246 68247 68248 68249 68758 68759 68760 68761 68762 68763 69270 69271 69272 69273 69274 69275 69276 69277 69278 69784 69785 69786 69787 69788 69789 69790 69791 69792 70299 70300 70301 70302 70303 70304 70305 70306 70814 70815 70816 70817 70818 70819 70820 71328 71329 71330 71331 71332 71333 71334 71843 71844 71845 71846 71847 71848 71849 72358 72359 72360 72361 72362 72363 72364 72872 72873 72874 72875 72876 72877 72878 73387 73388 73389 73390 73391 73392 73393 73902 73903 73904 73905 73906 73907 73908 73914 73915 74416 74417 74418 74419 74420 74421 74422 74426 74427 74428 74429 74430 74931 74932 74933 74934 74935 74936 74937 74938 74939 74940 74941 74942 74943 74944 75446 75447 75448 75449 75450 75451 75452 75453 75454 75455 75456 75960 75961 75962 75963 75964 75965 75966 75967 75968 75969 76475 76476
1345,1,135083 135593 135594 135595 135596 136105 136106 136107 136108 136616 136617 136618 137128 137129 137130 137639 137640 137641 138151 138152 138153 138662 138663 138664 138665 139174 139175 139176 139685 139686 139687 140197 140198 140199 140708 140709 140710 141220 141221 141222 141731 141732 141733 141734 142243 142244 142245 142754 142755 142756 143266 143267 143268 143777 143778 143779 143780 144289 144290 144291 144292 144800 144801 144802 145312 145313 145823 145824 145825 146335 146336 146337 146846 146847 146848 146849 147358 147359 147360 147870 147871 147872 148381 148382 148383 148893 148894 149404 149405 149406 149916 149917 150427 150428 150429 150939 150940 151450 151451 151452 151962 151963 152473 152474 152985 152986 153496 153497 153498 154008 154009 154010 154520 154521 155031 155032 155543 155544 156055 156056 156567 156568
1410,1,46323 46828 46829 46830 46831 46832 46833 46834 46835 46836 47333 47334 47335 47336 47337 47338 47339 47340 47341 47342 47343 47344 47345 47346 47347 47348 47349 47350 47838 47839 47840 47841 47842 47843 47844 47845 47846 47847 47848 47849 47850 47851 47852 47853 47854 47855 47856 47857 47858 47859 47860 47861 47862 47863 48343 48344 48345 48346 48347 48348 48349 48350 48351 48352 48353 48354 48355 48356 48357 48358 48359 48360 48361 48362 48363 48364 48372 48373 48374 48852 48853 48854 48855 48856 48857 48858 48859 48860 48861 48862 48863 48864 48865 48866 48867 48868 48869 48870 48871 48872 49364 49365 49366 49367 49368 49369 49370 49371 49372 49373 49374 49375 49376 49377 49378 49379 49380 49381 49382 49383 49875 49876 49877 49878 49879 49880 50386 50387 50388 50389 50390 50391 50899 50900 50901 50902
1443,1,195967 195968 196477 196478 196479 196480 196481 196988 196989 196990 196991 196992 197499 197500 197501 197502 198009 198010 198011 198012 198013 198014 198520 198521 198522 198523 198524 199030 199031 199032 199033 199034 199541 199542 199543 199544 200052 200053 200054 200055 200562 200563 200564 200565 201072 201073 201074 201075 201076 201582 201583 201584 201585 201586 202093 202094 202095 202096 202097 202603 202604 202605 202606 202607 202608 203054 203055 203056 203114 203115 203116 203117 203565 203566 203567 203568 203569 203570 203571 203624 203625 203626 203627 203628 204076 204077 204078 204079 204080 204081 204082 204083 204084 204085 204086 204087 204135 204136 204137 204138 204139 204140 204589 204590 204591 204592 204593 204594 204595 204596 204597 204598 204599 204600 204601 204602 204603 204604 204605 204645 204646 204647 204648 204649 204650 205101 205102 205103 205104 205105 205106 205107 205108 205109 205110 205111 205112 205113 205114 205115 205116 205117 205118 205119 205120 205121 205122 205156 205157 205158 205159 205160 205161 205162 205616 205617 205618 205619 205620 205621 205622 205623 205624 205625 205626 205627 205628 205629 205630 205631 205632 205633 205634 205635 205636 205637 205638 205666 205667 205668 205669 205670 205671 205672 205673 205674 206131 206132 206133 206134 206135 206136 206137 206138 206139 206140 206141 206142 206143 206144 206145 206146 206147 206148 206149 206150 206151 206152 206153 206154 206155 206177 206178 206179 206180 206181 206182 206183 206184 206185 206647 206648 206649 206650 206651 206652 206653 206654 206655 206656 206657 206658 206659 206660 206661 206662 206663 206664 206665 206666 206667 206668 206669 206670 206671 206687 206688 206689 206690 206691 206692 206693 206694 206695 206696 207162 207163 207164 207165 207166 207167 207168 207169 207170 207171 207172 207173 207174 207175 207176 207177 207178 207179 207180 207181 207182 207183 207184 207185 207186 207187 207188 207198 207199 207200 207201 207202 207203 207204 207205 207206 207678 207679 207680 207681 207682 207683 207684 207685 207686 207687 207688 207689 207690 207691 207692 207693 207694 207695 207696 207697 207698 207699 207700 207701 207702 207703 207704 207708 207709 207710 207711 207712 207713 207714 207715 207716 207717 208193 208194 208195 208196 208197 208198 208199 208200 208201 208202 208203 208204 208205 208206 208207 208208 208209 208210 208211 208212 208213 208214 208215 208216 208217 208218 208219 208220 208221 208222 208223 208224 208225 208226 208227 208709 208710 208711 208712 208713 208714 208715 208716 208717 208718 208719 208720 208721 208722 208723 208724 208725 208726 208727 208728 208729 208730 208731 208732 208733 208734 208735 208736 208737 208738 209224 209225 209226 209227 209228 209229 209230 209231 209232 209233 209234 209235 209236 209237 209238 209239 209240 209241 209242 209243 209244 209245 209246 209247 209248 209740 209741 209742 209743 209744 209745 209746 209747 209748 209749 209750 209751 209752 209753 209754 209755 209756 209757 209758 209759 210255 210256 210257 210266 210267 210268 210269
1475,0,-100
1635,0,-100
1905,0,-100
2001,1,174257 174258 174259 174260 174261 174262 174263 174264 174265 174266 174267 174268 174769 174770 174771 174772 174773 174774 174775 174776 174777 174778 174779 174780 174792 175276 175277 175278 175279 175280 175281 175282 175283 175284 175285 175286 175287 175288 175289 175290 175291 175292 175293 175299 175300 175301 175302 175303 175304 175305 175787 175788 175789 175790 175791 175792 175793 175794 175795 175796 175797 175798 175799 175800 175801 175802 175803 175804 175805 175806 175807 175808 175809 175810 175811 175812 175813 175814 175815 175816 176300 176301 176302 176303 176304 176305 176306 176307 176308 176312 176313 176314 176315 176316 176317 176318 176319 176320 176321 176322 176323 176324 176325 176326 176327
2002,1,107790 107791 107792 107793 108303 108304 108305 108306 108816 108817 108818 109328 109329 109330 109840 109841 110351 110352 110353 110862 110863 110864 110865 111373 111374 111375 111376 111377 111885 111886 111887 111888 111889 112397 112398 112399 112400 112401 112910 112911 112912 113422 113423 113424 113934 113935 113936 114446 114447 114448 114956 114957 114958 114959 114960 115468 115469 115470 115471 115981 115982 115983 116493 116494 116495 117005 117006 117007 117516 117517 117518 117519 118028 118029 118030 118031 118540 118541 118542 119050 119051 119052 119053 119054 119562 119563 119564 119565 119566 120075 120076 120077 120588
2036,0,-100
2108,1,85687 86199 86200 86711 86712 86713 87224 87225 87736 87737 88248 88249 88758 88759 88760 88761 88762 89270 89271 89272 89273 89274 89782 89783 89784 89785 89786 90294 90295 90296 90297 90298 90808 90809 90810 91320 91321 91322 91832 91833 91834 92345 92346 92347 92857 92858 92859 92860 93369 93370 93371 93372 93881 93882 93883 93884 94393 94394 94395 94396 94905 94906 94907 94908 95417 95418 95419 95420 95421 95422 95929 95930 95931 95932 95933 95934 96440 96441 96442 96443 96444 96445 96446 96953 96954 96955 96956 96957 97465 97466 97467 97468 97469 97978 97979 97980 97981 98490 98491 98492 98493 98494 98495 99002 99003 99004 99005 99006 99007 99514 99515 99516 99517 99518 99519 100026 100027 100028 100029 100030 100031 100538 100539 100540 100541 100542 100543 101050 101051 101052 101053 101054 101055 101561 101562 101563 101564 101565 101566 101567 102073 102074 102075 102076 102077 102078 102079 102080 102585 102586 102587 102588 102589 102590 102591 102592 103098 103099 103100 103101 103102 103103 103104 103610 103611 103612 103613 103614 103615 103616 104122 104123 104124 104125 104126 104127 104128 104634 104635 104636 104637 104638 104639 104640 105146 105147 105148 105149 105150 105151 105152 105658 105659 105660 105661 105662 105663 105664 105665 106170 106171 106172 106173 106174 106175 106176 106177 106683 106684 106685 106686 106687 106688 106689 107195 107196 107197 107198 107199 107200 107201 107707 107708 107709 107710 107711 107712 107713 108219 108220 108221 108222 108223 108224 108225 108731 108732 108733 108734 108735 108736 108737 109243 109244 109245 109246 109247 109248 109249 109250 109755 109756 109757 109758 109759 109760 110268 110269 110270 110271 110272 110780 110781 110782 110783 110784 111292 111293 111294 111295 111296 111804 111805 111806 111807 111808 112316 112317 112318 112319 112320 112828 112829 112830 112831 112832 112833 113340 113341 113342 113343 113344 113345 113853 113854 113855 113856 113857 114365 114366 114367 114368 114369 114877 114878 114879 114880 114881 115390 115391 115392 115393 115903 115904 115905 116415 116416 116417 116927 116928 116929 116930 117439 117440 117441 117442 117951 117952 117953 117954 118464 118465 118466 118976 118977
2326,0,-100
2365,0,-100
2368,1,50792 51303 51304 51305 51306 51814 51815 51816 51817 52326 52327 52328 52329 52839 52840 52841 53352 53353 53354 53864 53865 53866 54377 54378 54379 54890 54891 54892 55403 55404 55405 55915 55916 55917 55918 56428 56429 56430 56431 56432 56941 56942 56943 56944 56945 57453 57454 57455 57456 57457 57458 57966 57967 57968 57969 57970 58479 58480 58481 58482 58483 58991 58992 58993 58994 58995 58996 59504 59505 59506 59507 59508 59509 60017 60018 60019 60020 60021 60529 60530 60531 60532 60533 60534 61042 61043 61044 61045 61046 61047 61555 61556 61557 61558 61559 62068 62069 62070 62071 62072 62580 62581 62582 62583 62584 62585 63093 63094 63095 63096 63097 63606 63607 63608 63609 64118 64119 64120 64121 64631 64632 64633 64634 64635 65144 65145 65146 65147 65656 65657 65658 65659 66170
2382,0,-100
2446,0,-100
2448,0,-100
2449,0,-100
2833,0,-100
2839,0,-100
2841,0,-100
2849,0,-100
3460,0,-100
3653,0,-100
3740,0,-100
3950,0,-100
4720,0,-100
4832,1,63068 63069 63578 63579 63580 63581 63582 64089 64090 64091 64092 64093 64599 64600 64601 64602 64603 65110 65111 65112 65113 65620 65621 65622 65623 66131 66132 66133 66134 66641 66642 66643 66644 67152 67153 67154 67155 67662 67663 67664 67665 68173 68174 68175 68176 68683 68684 68685 68686 68687 69194 69195 69196 69197 69704 69705 69706 69707 69708 70215 70216 70217 70218 70725 70726 70727 70728 70729 71236 71237 71238 71239 71748 71749 71750 72259 72260 72261 72770 72771 72772 73281 73282 73283 73792 73793 73794 73795 74304 74305 74306 74816 74817
4836,1,70477 70478 70479 70480 70481 70482 70483 70970 70971 70972 70988 70989 70990 70991 70992 70993 70994 70995 71470 71471 71472 71473 71474 71475 71476 71477 71478 71479 71480 71481 71482 71483 71484 71485 71486 71487 71491 71492 71493 71494 71495 71496 71497 71498 71499 71500 71501 71502 71503 71504 71505 71506 71507 71983 71984 71985 71986 71987 71988 71989 71990 71991 71992 71993 71994 71995 71996 71997 71998 71999 72000 72001 72002 72003 72004 72005 72006 72007 72008 72009 72010 72011 72012 72013 72014 72015 72016 72017 72018 72019 72020 72496 72497 72498 72499 72500 72501 72502 72503 72504 72505 72506 72507 72508 72509 72510 72511 72512 72513 72514 72515 72516 72517 72518 72519 72520 72521 72522 72523 72524 72525 72526 72527 72528 72529 72530 72531
4839,0,-100
4974,0,-100
5002,0,-100
5241,1,80718 80719 81228 81229 81230 81231 81232 81739 81740 81741 81742 81743 81744 81745 82251 82252 82253 82254 82255 82256 82763 82764 82765 82766 82767 82768 83274 83275 83276 83277 83278 83279 83785 83786 83787 83788 83789 83790 84295 84296 84297 84298 84299 84300 84807 84808 84809 84810 84811 85317 85318 85319 85320 85321 85322 85828 85829 85830 85831 85832 86338 86339 86340 86341 86342 86849 86850 86851 86852 86853 87360 87361 87362 87363 87364 87872 87873 87874 87875 88378 88382 88383 88384 88385 88386 88889 88890 88891 88892 88893 88894 88895 88896 88897 89400 89401 89402 89403 89404 89405 89406 89407 89910 89911 89912 89913 89914 89915 89916 89917 89918 90421 90422 90423 90424 90425 90426 90427 90428 90429 90932 90933 90934 90935 90936 90937 90938 90939 91444 91445 91446 91447 91448 91449 91450 91955 91956 91957 91958 91959 91960 91961 92468 92469 92470 92471 92472
5243,0,-100
5244,1,106292 106293 106294 106295 106296 106803 106804 106805 106806 106807 106808 107314 107315 107316 107317 107318 107319 107320 107321 107824 107825 107826 107827 107828 107829 107830 107831 107832 108335 108336 108337 108338 108342 108343 108846 108847 108848 108849 108850 109356 109357 109358 109359 109360 109361 109867 109868 109869 109870 109871 109872 110378 110379 110380 110381 110382 110383 110889 110890 110891 110892 110893 110894 111399 111400 111401 111402 111403 111404 111405 111910 111911 111912 111913 111914 111915 112420 112421 112422 112423 112424 112425 112931 112932 112933 112934 112935 113442 113443 113444 113445 113446 113953 113954 113955 113956 114463 114464 114465 114466 114467 114974 114975 114976 114977 114978 115485 115486 115487 115488 115489 115490 115995 115996 115997 115998 115999 116000 116001 116506 116507 116508 116509 116510 116511 117017 117018 117019 117020 117021 117022 117023 117527 117528 117529 117530 117531 117532 117533 117534 117535 118038 118039 118040 118041 118042 118043 118044 118045 118046 118549 118550 118551 118552 118553 118554 118555 118556 119061 119062 119063 119064 119065 119066 119067 119573 119574 119575 119576 119577 119578 120086 120087 120088 120089
6224,0,-100
6292,0,-100
6337,0,-100
6420,0,-100
6551,1,151056 151566 151567 151568 151569 152078 152079 152080 152081 152082 152589 152590 152591 152592 153101 153102 153103 153612 153613 153614 154123 154124 154125 154126 154635 154636 154637 154638 155146 155147 155148 155149 155658 155659 155660 156169 156170 156171 156172 156681 156682 156683 157192 157193 157194 157704 157705 157706 158215 158216 158217 158727 158728 158729 159238 159239 159240 159749 159750 159751 159752 160261 160262 160263 160772 160773 160774 160775 161284 161285 161286 161795 161796 161797 161798 162307 162308 162309 162818 162819 162820 162821 163330 163331 163332 163840 163841 163842 163843 163844 164352 164353 164354 164355 164864 164865 164866 165376 165377 165378 165888 165889 166400 166401 166912 166913
6558,0,-100
6631,1,70994 70995 71505 71506 71507 72018 72019 72020 72530 72531 72532 72533 72534 73043 73044 73045 73046 73047 73556 73557 73558 73559 73560 73564 74070 74071 74072 74073 74074 74075 74076 74077 74583 74584 74585 74586 74587 74588 74589 75096 75097 75098 75099 75100 75101 75609 75610 75611 75612 75613 76123 76124 76125 76126 76636 76637 76638 77149 77150 77151 77152 77662 77663 77664 77665 77666 78176 78177 78178 78179 78689 78690 78691 78692 79202 79203 79204 79205 79206 79716 79717 79718 79719 79720 80229 80230 80231 80232 80233 80742 80743 80744 80745 80746 81256 81257 81258 81259 81260 81769 81770 81771 81772 81773 82283 82284 82285 82286 82796 82797 82798 82799 83309 83310 83311 83312 83822 83823 83824 83825 83826 84335 84336 84337 84338 84339 84848 84849 84850 84851 84852 85361 85362 85363 85364 85365 85875 85876
6721,0,-100
6914,0,-100
7167,0,-100
7359,0,-100
7973,0,-100
7976,1,135108 135619 135620 135621 136130 136131 136132 136133 136642 136643 136644 136645 136646 137155 137156 137157 137158 137667 137668 137669 137670 138179 138180 138181 138182 138183 138691 138692 138693 138694 138695 139203 139204 139205 139206 139207 139715 139716 139717 139718 139719 140228 140229 140230 140231 140740 140741 140742 140743 141252 141253 141254 141255 141256 141765 141766 141767 141768 142278 142279 142280 142790 142791 142792 143302 143303 143304 143815 143816 144327 144328 144329 144839 144840 144841 145351 145352 145353 145864 145865 146376 146377 146888 146889 147400 147401 147402 147912 147913 147914 148425 148426 148937 148938 149449 149450 149961 149962 150473 150474 150475 150985 150986 150987 151497 151498 151499 152009 152010 152011 152521 152522 152523 153033 153034 153035 153545 153546 153547 154057 154058 154059 154060 154569 154570 154571 154572 155081 155082 155083 155084 155593 155594 155595 156106
8103,0,-100
8245,1,122947 123458 123459 123460 123969 123970 123971 123972 123973 124481 124482 124483 124484 124485 124993 124994 124995 124996 124997 125505 125506 125507 125508 125509 126017 126018 126019 126020 126021 126529 126530 126531 127041 127042 127043 127553 127554 127555 128065 128066 128067 128577 128578 129089 129090 129601 129602 130113 130114 130625 130626 131136 131137 131138 131648 131649 131650 132160 132161 132162 132672 132673 132674 133184 133185 133186 133696 133697 133698 134208 134209 134210 134720 134721 134722 135232 135233 135234 135235 135236 135744 135745 135746 135747 135748 136256 136257 136258 136259 136260 136768 136769 136770 136771 136772 137280 137281 137282 137792 137793 137794
8254,0,-100
8425,1,181473 181474 181475 181982 181983 181984 181985 181986 181987 181988 181995 181996 181997 182487 182488 182489 182490 182491 182492 182493 182494 182495 182496 182497 182498 182499 182500 182501 182502 182503 182504 182505 182506 182507 182508 182509 182510 182994 182995 182996 182997 182998 182999 183000 183001 183002 183003 183004 183005 183006 183007 183008 183009 183010 183011 183012 183013 183014 183015 183016 183017 183018 183019 183020 183021 183022 183023 183505 183506 183507 183508 183509 183510 183511 183512 183513 183514 183515 183516 183517 183518 183519 183520 183521 183522 183523 183524 183525 183526 183527 183528 183529 183530 183531 183532 183533 183534 184017 184018 184019 184020 184021 184022 184023 184024 184025 184026 184027 184028 184029 184030 184031 184032 184033 184034 184035 184036 184037 184038 184039 184040 184041 184042 184043 184044 184045 184529 184530 184531 184532 184533 184534 184535 184536 184537 184538 184539 184540 184541 184542 184543 184544 184545 184546 184547 184548 184549 184550 184551 184552 184553 184554 185041 185042 185043 185044 185045 185046 185047 185048 185049 185050 185051 185052 185053 185054 185055 185056 185057 185058 185059 185060 185061 185553 185554 185555 185556 185557 185558 185559 185560 185561 185562 185563 185564 185565 185566 185567 186066 186067 186068 186069 186070 186071 186072 186073 186074 186579 186580 186581
8428,1,97187 97188 97698 97699 97700 97701 98211 98212 98213 98214 98215 98724 98725 98726 98727 98728 99237 99238 99239 99240 99241 99750 99751 99752 99753 99754 100264 100265 100266 100267 100777 100778 100779 100780 100781 101291 101292 101293 101294 101804 101805 101806 101807 102317 102318 102319 102320 102830 102831 102832 102833 103343 103344 103345 103346 103857 103858 103859 103860 104370 104371 104372 104373 104883 104884 104885 104886 105396 105397 105398 105399 105909 105910 105911 105912 106422 106423 106424 106425 106426 106935 106936 106937 106938 106939 107448 107449 107450 107451 107452 107962 107963 107964 107965 108474 108475 108476 108477 108478 108988 108989 108990 108991 109501 109502 109503 109504 109505 110014 110015 110016 110017 110018 110527 110528 110529 110530 110531 111040 111041 111042 111043 111044 111553 111554 111555 111556 111557 112066 112067 112068 112069 112580 112581 112582 113093
8437,0,-100
8654,0,-100
8662,0,-100
8693,0,-100
8729,0,-100
8928,1,205167 205678 205679 206189 206190 206191 206700 206701 206702 207211 207212 207213 207722 207723 208233 208234 208235 208744 208745 208746 209255 209256 209257 209766 209767 209768 210277 210278 210279 210788 210789 210790 211299 211300 211301 211810 211811 211812 212321 212322 212323 212832 212833 212834 213343 213344 213345 213854 213855 213856 214365 214366 214367 214876 214877 214878 215387 215388 215389 215898 215899 215900 216409 216410 216411 216920 216921 216922 217431 217432 217433 217943 217944 218454 218455 218965 218966 218967 219478 219479 219991
9140,0,-100
9345,0,-100
9638,0,-100
10307,0,-100
10338,1,228625 229135 229136 229137 229138 229646 229647 229648 229649 230157 230158 230159 230160 230161 230665 230666 230667 230668 230669 230670 230671 231176 231177 231178 231179 231180 231181 231182 231687 231688 231689 231690 231691 231692 232197 232198 232199 232200 232201 232202 232203 232708 232709 232710 232711 232712 232713 233219 233220 233221 233222 233223 233224 233729 233730 233731 233732 233733 233734 234240 234241 234242 234243 234244 234749 234750 234751 234752 234753 234754 234755 235260 235261 235262 235263 235264 235265 235771 235772 235773 235774 235775 235776 236278 236279 236280 236281 236282 236283 236284 236285 236286 236788 236789 236790 236791 236792 236793 236794 236795 236796 237300 237301 237302 237303 237304 237305 237306 237307 237811 237812 237813 237814 237815 237816 237817 238324 238325 238326 238327 238328 238837 238838
10369,1,149696 149697 149698 149699 149700 149701 149702 149703 149704 149705 149706 149707 149708 149709 150208 150209 150210 150211 150212 150213 150214 150215 150216 150217 150218 150219 150220 150221 150222 150223 150224 150225 150226 150227 150228 150229 150230 150231 150232 150233 150234 150719 150720 150721 150722 150723 150724 150725 150726 150727 150728 150729 150730 150731 150732 150733 150734 150735 150736 150737 150738 150739 150740 150741 150742 150743 150744 150745 150746 150747 150748 151252 151253 151254 151255 151256 151257 151258 151259 151260 151261 151764 151765 151766 151767 151768 151769 151770 151771 151772 151773 152276 152277 152278 152279 152280 152281 152282 152283 152284 152285
10479,0,-100
10490,0,-100
10693,0,-100
10945,1,119885 120395 120396 120397 120398 120399 120906 120907 120908 120909 120910 120911 120912 121419 121420 121421 121422 121423 121424 121425 121426 121931 121932 121933 121934 121935 121936 121937 121938 122445 122446 122447 122448 122449 122450 122958 122959 122960 122961 122962 122963 123472 123473 123474 123475 123476 123477 123985 123986 123987 123988 123989 123990 123991 124499 124500 124501 124502 124503 124504 125013 125014 125015 125016 125017 125526 125527 125528 125529 125530 125531 125532 126040 126041 126042 126043 126044 126045 126554 126555 126556 126557 126558 127067 127068 127069 127070 127071 127072 127581 127582 127583 127584 127585 127586 128095 128096 128097 128098 128099 128608 128609 128610 128611 128612 128613 129122 129123 129124 129125 129126 129635 129636 129637 129638 129639 129640 129641 130149 130150 130151 130152 130153 130154 130663 130664 130665 130666 130667 131176 131177 131178 131179 131690 131691
11196,1,103230 103741 103742 103743 104253 104254 104255 104256 104765 104766 104767 104768 105278 105279 105280 105790 105791 105792 106302 106303 106304 106305 106815 106816 106817 107327 107328 107329 107330 107840 107841 107842 108352 108353 108354 108864 108865 108866 109377 109378 109379 109889 109890 109891 110401 110402 110403 110404 110914 110915 110916 111426 111427 111428 111938 111939 111940 111941 112451 112452 112453 112963 112964 112965 113475 113476 113477 113988 113989 113990 114500 114501 114502 115012 115013 115014 115015 115525 115526 115527 116037 116038 116039 116549 116550 116551 117062 117063 117064 117574 117575 117576 118086 118087 118088 118089 118599 118600 118601 119111 119112 119113 119114 119623 119624 119625 119626 119627 120136 120137 120138 120139 120140 120648 120649 120650 120651 120652 121161 121162 121163 121164 121673 121674 121675 121676 122186 122187 122188 122699
11238,1,75075 75080 75586 75587 75588 75589 75590 75591 75592 75593 76098 76099 76100 76101 76102 76103 76104 76609 76610 76611 76612 76613 76614 76615 77120 77121 77122 77123 77124 77125 77126 77127 77632 77633 77634 77635 77636 77637 77638 77639 78143 78144 78145 78146 78147 78148 78149 78150 78654 78655 78656 78657 78658 78659 78660 78661 79166 79167 79168 79169 79170 79171 79172 79677 79678 79679 79680 79681 79682 79683 80188 80189 80190 80191 80192 80193 80194 80195 80700 80701 80702 80703 80704 80705 80706 81211 81212 81213 81214 81215 81216 81217 81722 81723 81724 81725 81726 81727 81728 81729 82233 82234 82235 82236 82237 82238 82239 82240 82744 82745 82746 82747 82748 82749 82750 82751 83256 83257 83258 83259 83260 83261 83262 83263 83767 83768 83769 83770 83771 83772 83773 83774 84279 84280 84281 84282 84283 84284 84285 84286 84790 84791 84792 84793 84794 84795 84796 84797 85301 85302 85303 85304 85305 85306 85307 85308 85812 85813 85814 85815 85816 85817 85818 85819 85820 86323 86324 86325 86326 86327 86328 86329 86330 86331 86332 86834 86835 86836 86837 86838 86839 86840 86841 86842 86843 87345 87346 87347 87348 87349 87350 87351 87352 87353 87354 87857 87858 87859 87860 87861 87862 87863 87864 87865 88368 88369 88370 88371 88372 88373 88374 88375 88376 88879 88880 88881 88882 88883 88884 88885 88886 88887 89390 89391 89392 89393 89394 89395 89396 89397 89398 89399 89902 89903 89904 89905 89906 89907 89908 89909 89910 89911 90415 90416 90417 90418 90419 90420 90421 90422 90930 90931 90932 90933 90934 91442 91443 91444 91445 91446 91954 91955 91956 91957 92465 92466 92467 92468 92976 92977 92978 92979 92980 93488 93489 93490 93491 93492 93999 94000 94001 94002 94003 94004 94510 94511 94512 94513 94514 94515 95022 95023 95024 95025 95026
11375,0,-100
11376,0,-100
12024,0,-100
12077,0,-100
12312,1,94903 94904 95414 95415 95416 95417 95418 95419 95420 95926 95927 95928 95929 95930 95931 95932 96432 96433 96437 96438 96439 96440 96441 96442 96443 96937 96938 96939 96940 96941 96942 96943 96944 96945 96946 96947 96948 96949 96950 96951 96952 97440 97441 97442 97443 97444 97445 97446 97447 97448 97449 97450 97451 97452 97453 97454 97455 97456 97457 97458 97950 97951 97952 97953 97954 97955 97956 97957 97958 97959 97960 97961 97962 97963 97964 97965 98459 98460 98461 98462 98463 98464 98465 98466 98467 98468 98469 98470 98471 98472 98970 98971 98972 98973 98974 98975 98976 98977 98978 99483 99484 99485
12381,0,-100
12577,0,-100
12904,0,-100
13183,1,232415 232416 232925 232926 232927 232928 233436 233437 233438 233439 233440 233946 233947 233948 233949 233950 234457 234458 234459 234460 234461 234967 234968 234969 234970 234971 235478 235479 235480 235481 235482 235988 235989 235990 235991 235992 235993 236499 236500 236501 236502 236503 237009 237010 237011 237012 237013 237520 237521 237522 237523 238030 238031 238032 238033 238541 238542 238543 239051 239052 239053 239054 239055 239562 239563 239564 239565 239566 240072 240073 240074 240075 240076 240077 240583 240584 240585 240586 240587 241093 241094 241095 241096 241097 241098 241603 241604 241605 241606 241607 241608 242114 242115 242116 242117 242118 242624 242625 242626 242627 242628 243135 243136 243137 243138 243139 243140 243647 243648 243649 243650 243651 244158 244159 244160 244671
13184,0,-100
13464,0,-100
13506,0,-100
13571,0,-100
13613,1,105568 106079 106080 106081 106591 106592 106593 107102 107103 107104 107105 107614 107615 107616 107617 108126 108127 108128 108129 108130 108637 108638 108639 108640 108641 109149 109150 109151 109152 109153 109661 109662 109663 109664 109665 110173 110174 110175 110176 110177 110685 110686 110687 110688 110689 111197 111198 111199 111200 111709 111710 111711 111712 112220 112221 112222 112223 112224 112732 112733 112734 112735 112736 113244 113245 113246 113247 113248 113756 113757 113758 113759 113760 114268 114269 114270 114271 114780 114781 114782 114783 115291 115292 115293 115294 115295 115803 115804 115805 115806 115807 116315 116316 116317 116318 116319 116827 116828 116829 116830 116831 117338 117339 117340 117341 117342 117343 117850 117851 117852 117853 117854 117855 117856 118362 118363 118364 118365 118366 118367 118368 118874 118875 118876 118877 118878 118879 119386 119387 119388 119389 119390 119898 119899 119900 119901 119902 120410 120411 120412 120413 120414 120922 120923 120924 120925 120926 121433 121434 121435 121436 121437 121945 121946 121947 121948 121949 122457 122458 122459 122460 122461 122969 122970 122971 122972 122973 123481 123482 123483 123484 123993 123994 123995 123996 124505 124506 124507 124508 125017 125018 125019 125020 125529 125530 125531 125532 126040 126041 126042 126043 126044 126552 126553 126554 126555 127064 127065 127066 127067 127576 127577 127578 127579 128088 128089 128090 128091 128599 128600 128601 128602 128603 129111 129112 129113 129114 129115 129624 129625 129626 129627 130137 130138 130139 130649 130650 130651 131161 131162 131163 131673 131674 131675 132185 132186 132187 132697 132698 132699 133208 133209 133210 133211 133720 133721 133722 133723 134232 134233 134234 134235 134744 134745 134746 134747 135257 135258 135259 135770
13671,1,107608 107609 107610 107611 107612 108120 108121 108122 108123 108124 108634 108635 108636 109146 109147 109658 109659 110170 110171 110681 110682 110683 111193 111194 111195 111704 111705 111706 111707 112216 112217 112218 112728 112729 112730 113240 113241 113242 113752 113753 113754 114264 114265 114266 114776 114777 114778 115288 115289 115799 115800 115801 116311 116312 116313 116823 116824 116825 117335 117336 117337 117846 117847 117848 117849 118358 118359 118360 118870 118871 118872 119382 119383 119384 119894 119895 119896 120406 120407 120408 120917 120918 120919 120920 121429 121430 121431 121941 121942 121943 122453 122454 122455 122965 122966 122967 123476 123477 123478 123479 123988 123989 123990 123991 124500 124501 124502 125012 125013 125014 125524 125525 125526 126036 126037 126038 126548 126549 127060
14226,1,138176 138687 138688 138689 139198 139199 139200 139201 139202 139710 139711 139712 139713 139714 140222 140223 140224 140225 140226 140734 140735 140736 140737 140738 141246 141247 141248 141249 141250 141758 141759 141760 141761 141762 142269 142270 142271 142272 142273 142781 142782 142783 142784 142785 143293 143294 143295 143296 143297 143805 143806 143807 143808 143809 144317 144318 144319 144320 144321 144831 144832 144833 145343 145344 145345 145855 145856 145857 146367 146368 146369 146879 146880 146881 147391 147392 147393 147903 147904 148415 148416 148926 148927 148928 149438 149439 149440 149950 149951 149952 150462 150463 150464 150974 150975 150976 151484 151485 151486 151487 151488 151996 151997 151998 151999 152000 152508 152509 152510 152511 152512 153020 153021 153022 153023 153024 153531 153532 153533 153534 153535 154043 154044 154045 154046 154047 154555 154556 154557 154558 154559 155067 155068 155069 155070 155071 155579 155580 155581 155582 156091 156092 156093 156604
14227,1,61115 61116 61117 61627 61628 61629 61630 62139 62140 62141 62142 62143 62649 62650 62651 62652 62653 62654 63157 63158 63159 63160 63161 63162 63163 63164 63165 63166 63656 63666 63667 63668 63669 63670 63671 63672 63673 63674 63675 64165 64166 64167 64168 64174 64175 64176 64177 64178 64179 64180 64181 64182 64183 64184 64674 64675 64676 64677 64678 64679 64680 64681 64682 64683 64684 64685 64686 64687 64688 64689 64690 64691 64692 65186 65187 65188 65189 65190 65191 65192 65193 65194 65195 65196 65197 65198 65199 65200 65697 65698 65699 65700 65701 65702 65703 65704 65705 65706 65707 65708 65709 66210 66211 66212 66213 66214 66215 66216 66217 66723 66724 66725
14345,0,-100
14347,0,-100
14423,1,62965 62966 62967 62968 62969 63468 63469 63470 63471 63472 63473 63474 63475 63476 63477 63478 63479 63480 63481 63482 63970 63971 63972 63973 63974 63975 63976 63977 63978 63979 63980 63981 63982 63983 63984 63985 63986 63987 63988 63989 63990 63991 63992 63993 64473 64474 64475 64476 64477 64478 64479 64480 64481 64482 64483 64484 64485 64486 64487 64488 64489 64490 64491 64492 64493 64494 64495 64496 64497 64498 64499 64500 64501 64502 64980 64981 64982 64983 64984 64985 64986 64987 64988 64989 64990 64991 64992 64993 64994 64995 64996 64997 64998 64999 65000 65001 65002 65003 65491 65492 65493 65494 65495 65496 65497 65498 65499 65500 65501 65502 65503 65504 65505 65506 65507 65508 65509 66002 66003 66004 66005 66006 66007 66008 66009 66010 66011 66015 66016 66017 66018 66019 66020 66527 66528 66529
14503,0,-100
14522,1,198356 198357 198358 198359 198867 198868 198869 198870 198871 198872 198873 198874 198875 198876 198877 198878 198879 199380 199381 199382 199383 199384 199385 199386 199387 199388 199389 199390 199391 199392 199393 199394 199395 199396 199397 199398 199399 199899 199900 199901 199902 199903 199904 199905 199906 199907 199908 199909 199910 199911 199912 199913 199914 199915 199916 199917 199918 199919 200419 200420 200421 200422 200423 200424 200425 200426 200427 200428 200429 200430 200431 200432 200433 200434 200435 200436 200935 200936 200937 200938 200939 200940 200941 200942 200943 200944 200945 200946 200947 200948 200949 201451 201456 201457 201458 201459 201460 201461 201462 201973
14551,0,-100
14664,0,-100
14717,1,176586 177096 177097 177098 177099 177607 177608 177609 177610 177611 178118 178119 178120 178121 178629 178630 178631 178632 179140 179141 179142 179143 179651 179652 179653 179654 180162 180163 180164 180165 180166 180673 180674 180675 180676 181184 181185 181186 181187 181188 181695 181696 181697 181698 182206 182207 182208 182717 182718 182719 183228 183229 183230 183738 183739 183740 184249 184250 184251 184252 184760 184761 184762 185271 185272 185782 185783 185784 186293 186294 186295 186804 186805 186806 187315 187316 187317 187826 187827 187828 188337 188338 188339 188340 188848 188849 188850 188851 189359 189360 189361 189870 189871 189872 189873 190381 190382 190383 190384 190892 190893 190894 191405
15007,0,-100
15035,0,-100
15057,0,-100
15305,1,159925 159926 159927 160437 160438 160439 160440 160441 160442 160443 160444 160445 160446 160948 160949 160950 160951 160952 160953 160954 160955 160956 160957 160958 160959 160960 160961 160962 160963 160964 161459 161460 161461 161462 161463 161464 161465 161466 161467 161468 161469 161470 161471 161472 161473 161474 161475 161476 161477 161478 161479 161480 161481 161482 161483 161972 161973 161974 161975 161976 161977 161978 161979 161980 161981 161982 161983 161984 161985 161986 161987 161988 161989 161990 161991 161992 161993 161994 161995 161996 161997 161998 161999 162000 162001 162002 162488 162489 162490 162491 162492 162493 162494 162495 162496 162497 162498 162499 162500 162501 162502 162503 162504 162505 162506 162507 162508 162509 162510 162511 162512 162513 162514 162515 162516 163020 163021 163022 163023 163024 163025 163026 163027 163028 163029 163534 163535 163536 163537 163538 163539 163540 163541 163542 164047 164048 164049 164050 164051 164052 164053 164054 164055 164563 164564 164565 164566
15698,0,-100
15755,0,-100
15794,0,-100
15816,0,-100
15839,0,-100
16015,0,-100
16639,0,-100
17506,1,118162 118674 118675 118676 119186 119187 119188 119699 119700 120211 120212 120213 120723 120724 120725 121235 121236 121237 121747 121748 121749 121750 122259 122260 122261 122262 122771 122772 122773 122774 123284 123285 123286 123796 123797 123798 123799 124309 124310 124311 124821 124822 124823 125333 125334 125335 125336 125845 125846 125847 125848 126357 126358 126359 126360 126870 126871 126872 127383 127384 127385 127895 127896 127897 128407 128408 128409 128919 128920 128921 128922 129431 129432 129433 129434 129944 129945 129946 130456 130457 130458 130968 130969 130970 130971 131481 131482 131483 131993 131994 131995 132506
17550,0,-100
17798,0,-100
17812,0,-100
17813,1,159702 160213 160214 160215 160723 160724 160725 160726 160727 161235 161236 161237 161238 161747 161748 161749 162258 162259 162260 162261 162769 162770 162771 162772 163281 163282 163283 163284 163793 163794 163795 164304 164305 164306 164815 164816 164817 164818 165327 165328 165329 165838 165839 165840 165841 166349 166350 166351 166352 166860 166861 166862 166863 167372 167373 167374 167375 167884 167885 167886 168395 168396 168397 168906 168907 168908 168909 169418 169419 169420 169930 169931 169932 170441 170442 170443 170952 170953 170954 171464 171465 171466 171976 171977 172487 172488 172489 172998 172999 173000 173509 173510 173511 174021 174022 174023 174532 174533 174534 175043 175044 175045 175554 175555 175556 175557 176065 176066 176067 176068 176576 176577 176578 176579 177087 177088 177089 177090 177599 177600 177601 178110 178111 178112 178622 178623 179132 179133 179134 179643 179644 179645 180155 180156 180666 180667 181177 181178 181688 181689 181690 182199 182200 182201 182709 182710 182711 182712 183220 183221 183222 183223 183731 183732 183733 183734 184241 184242 184243 184244 184245 184751 184752 184753 184754 184755 184756 185262 185263 185264 185265 185266 185773 185774 185775 185776 186284 186285 186286 186287 186796 186797 186798 187307 187308 187309 187820
18815,1,38544 38545 38546 39055 39056 39057 39058 39059 39060 39061 39566 39567 39568 39569 39570 39571 39572 39573 39574 40079 40080 40081 40082 40083 40084 40085 40086 40087 40591 40592 40593 40594 40595 40596 40597 40598 40599 40600 40601 40602 41105 41106 41107 41108 41109 41110 41111 41112 41113 41114 41115 41120 41620 41621 41622 41623 41624 41625 41626 41627 41628 41629 41630 41631 41632 41633 41634 41635 42135 42136 42137 42138 42139 42140 42141 42142 42143 42144 42145 42146 42147 42148 42149 42150 42650 42651 42652 42653 42654 42655 42656 42657 42658 42659 42660 42661 42662 42663 42664 42665 43165 43166 43167 43168 43169 43170 43171 43172 43173 43174 43175 43176 43177 43178 43179 43180 43680 43681 43682 43683 43684 43685 43686 43687 43688 43689 43690 43691 43692 43693 43694 43695 44195 44196 44197 44198 44199 44200 44201 44202 44203 44204 44205 44206 44207 44208 44209 44210 44710 44711 44712 44713 44714 44715 44716 44717 44718 44719 44720 44721 44722 44723 44724 45225 45226 45227 45228 45229 45230 45231 45232 45233 45234 45235 45236 45740 45741 45742 45743 45744 45745 45746 45747 45748 45749 46254 46255 46256 46257 46258 46259 46260 46769 46770 46771
18854,1,152647 153158 153159 153160 153671 153672 153673 154183 154184 154185 154186 154696 154697 154698 154699 154700 154704 155210 155211 155212 155213 155214 155215 155216 155217 155218 155723 155724 155725 155726 155727 155728 155729 155730 155731 156237 156238 156239 156240 156241 156242 156243 156244 156245 156750 156751 156752 156753 156754 156755 156756 156757 156758 157264 157265 157266 157267 157268 157269 157270 157271 157272 157777 157778 157779 157783 157784 157785 158296 158297 158298 158299 158809 158810 158811 158812 159322 159323 159324 159325 159835 159836 159837 159838 160347 160348 160349 160350 160861 160862 160863 161374 161375 161376 161886 161887 161888 161889 162399 162400 162401 162912 162913 162914 163425 163426 163427 163937 163938 163939 163940 163941 164450 164451 164452 164453 164454 164963 164964 164965 164966 164967 165476 165477 165478 165479 165480 165481 165990 165991 165992 165993 165994 165995 166503 166504 166505 166506 166507 166508 167016 167017 167018 167019 167020 167021 167530 167531 167532 167533 167534 167535 168043 168044 168045 168046 168047 168048 168557 168558 168559 168560 168561 168562 169071 169072 169073 169074 169075 169584 169585 169586 169587 169588 170098 170099 170100 170101 170102 170611 170612 170613 170614 170615 171125 171126 171127 171128 171129 171638 171639 171640 171641 171642 172151 172152 172153 172154 172155 172156 172664 172665 172666 172667 172668 172669 173178 173179 173180 173181 173182 173691 173692 173693 173694 173695 173696 174204 174205 174206 174207 174208 174209 174718 174719 174720 174721 175231 175232 175233 175234
18935,1,98871 98872 98873 99382 99383 99384 99385 99386 99894 99895 99896 99897 99898 99899 100408 100409 100410 100411 100412 100413 100414 100415 100922 100923 100924 100925 100926 100927 100928 100929 101436 101437 101438 101439 101440 101441 101442 101443 101948 101949 101950 101951 101952 101953 101954 101955 101956 101957 102463 102464 102465 102466 102467 102468 102469 102470 102981 102982 102983 102984 103493 103494 103495 103496 104005 104006 104007 104008 104517 104518 104519 104520 104521 104522 104523 104524 104525 104526 105030 105031 105032 105033 105034 105035 105036 105037 105038 105039 105040 105544 105545 105546 105547 105548 105549 105550 105551 105552 105553 105554 106058 106059 106060 106061 106062 106063 106064 106065 106066 106572 106573 106574 106575 106576 106577 106578 106579 107086 107087 107088 107089 107090 107600 107601
18954,0,-100
19082,1,89688 90199 90200 90201 90711 90712 90713 91222 91223 91224 91734 91735 91736 92245 92246 92247 92757 92758 92759 93268 93269 93270 93780 93781 93782 94291 94292 94293 94803 94804 94805 95314 95315 95316 95317 95826 95827 95828 96337 96338 96339 96340 96849 96850 96851 97360 97361 97362 97363 97872 97873 97874 98383 98384 98385 98386 98895 98896 98897 99406 99407 99408 99409 99918 99919 99920 100429 100430 100431 100432 100941 100942 100943 101452 101453 101454 101455 101964 101965 101966 102475 102476 102477 102478 102987 102988 102989 103498 103499 103500 103501 104010 104011 104012 104521 104522 104523 104524 105033 105034 105035 105036 105545 105546 105547 106056 106057 106058 106059 106568 106569 106570 107079 107080 107081 107082 107591 107592 107593 108102 108103 108104 108105 108614 108615 108616 109126 109127 109128 109637 109638 109639 110149 110150 110151 110660 110661 110662 111172 111173 111174 111683 111684 111685 111686 112195 112196 112197 112707 112708 112709 113218 113219 113220 113221 113730 113731 113732 114241 114242 114243 114244 114753 114754 114755 114756 115265 115266 115267 115776 115777 115778 115779 116288 116289 116290 116291 116800 116801 116802 117311 117312 117313 117314 117823 117824 117825 117826 118335 118336 118337 118846 118847 118848 118849 119358 119359 119360 119361 119870 119871 119872 120381 120382 120383 120384 120893 120894 120895 120896 121405 121406 121407 121916 121917 121918 121919 122428 122429 122430 122431 122940 122941 122942 123451 123452 123453 123454 123963 123964 123965 123966 124475 124476 124477 124986 124987 124988 124989 125498 125499 125500 125501 126010 126011 126012 126521 126522 126523 126524 127033 127034 127035 127036 127545 127546 127547 128056 128057 128058 128059 128568 128569 128570 128571 129080 129081 129082 129591 129592 129593 129594 130103 130104 130105 130106 130615 130616 130617 130618 131127 131128 131129 131639 131640 131641 132150 132151 132152 132153 132662 132663 132664 133174 133175 133176 133685 133686 133687 133688 134197 134198 134199 134709 134710 134711 135221
20288,0,-100
20588,1,180313 180314 180825 180826 180827 180828 181337 181338 181339 181340 181850 181851 181852 181853 182363 182364 182365 182366 182876 182877 182878 182879 183388 183389 183390 183391 183392 183901 183902 183903 183904 183905 184414 184415 184416 184417 184418 184927 184928 184929 184930 185440 185441 185442 185443 185952 185953 185954 185955 185956 185957 186465 186466 186467 186468 186469 186470 186471 186979 186980 186981 186982 186983 186984 186985 187492 187493 187494 187495 187496 187497 187498 187499 188006 188007 188008 188009 188010 188011 188012 188520 188521 188522 188523 188524 188525 189033 189034 189035 189036 189037 189038 189546 189547 189548 189549 189550 189551 190060 190061 190062 190063 190064 190065 190573 190574 190575 190576 190577 190578 191086 191087 191088 191089 191090 191091 191092 191600 191601 191602 191603 191604 191605 191606 191607 192113 192114 192115 192116 192117 192118 192119 192120 192121 192122 192626 192627 192628 192629 192630 192631 192632 192633 192634 192635 192636 192637 192638 192639 192640 193140 193141 193142 193143 193144 193145 193146 193147 193148 193149 193150 193151 193152 193655 193656 193657 193658 193659 193660 193661 193662 193663 193664 193665 194169 194170 194171 194172 194173 194174 194175 194176 194177 194683 194684 194685 194686 194687 194688 194689 195197 195198 195199 195200 195201 195710 195711 195712 195713 195714 196223 196224 196225 196226 196737 196738 196739
20600,1,96462 96973 96974 96975 97485 97486 97487 97996 97997 97998 98508 98509 98510 99019 99020 99021 99530 99531 99532 100042 100043 100044 100553 100554 100555 101064 101065 101066 101067 101576 101577 101578 102087 102088 102089 102598 102599 102600 102601 103110 103111 103112 103621 103622 103623 103624 104132 104133 104134 104135 104643 104644 104645 104646 105155 105156 105157 105158 105666 105667 105668 105669 106177 106178 106179 106180 106181 106689 106690 106691 106692 107200 107201 107202 107203 107712 107713 107714 107715 108223 108224 108225 108226 108735 108736 108737 108738 109246 109247 109248 109249 109758 109759 109760 110269 110270 110271 110272 110780 110781 110782 110783 111292 111293 111294 111295 111803 111804 111805 111806 112315 112316 112317 112826 112827 112828 112829 113338 113339 113340 113849 113850 113851 113852 114361 114362 114363 114872 114873 114874 115384 115385 115386 115896
